[
    {
        "model": "Finance.department",
        "pk": 3,
        "fields": {
            "name": "Dabfeed",
            "phone": "8851904171"
        }
    },
    {
        "model": "Finance.department",
        "pk": 4,
        "fields": {
            "name": "Yabox",
            "phone": "4065297212"
        }
    },
    {
        "model": "Finance.department",
        "pk": 5,
        "fields": {
            "name": "Vinder",
            "phone": "8175627856"
        }
    },
    {
        "model": "Finance.department",
        "pk": 6,
        "fields": {
            "name": "Meeveo",
            "phone": "8943092008"
        }
    },
    {
        "model": "Finance.department",
        "pk": 7,
        "fields": {
            "name": "Gabspot",
            "phone": "9438556212"
        }
    },
    {
        "model": "Finance.department",
        "pk": 8,
        "fields": {
            "name": "Skyba",
            "phone": "3975686036"
        }
    },
    {
        "model": "Finance.department",
        "pk": 9,
        "fields": {
            "name": "Shuffletag",
            "phone": "4925712200"
        }
    },
    {
        "model": "Finance.department",
        "pk": 10,
        "fields": {
            "name": "Skimia",
            "phone": "6384775429"
        }
    },
    {
        "model": "Finance.department",
        "pk": 11,
        "fields": {
            "name": "Twimm",
            "phone": "7086927604"
        }
    },
    {
        "model": "Finance.department",
        "pk": 12,
        "fields": {
            "name": "Minyx",
            "phone": "6688259069"
        }
    },
    {
        "model": "Finance.payment",
        "pk": 602,
        "fields": {
            "amount": "2043.23",
            "date": "2018-07-28T14:22:03.704Z",
            "account_number": "000000000",
            "description": "salary",
            "payment_type": "s"
        }
    },
    {
        "model": "Finance.payment",
        "pk": 603,
        "fields": {
            "amount": "1518.79",
            "date": "2018-07-28T14:22:03.899Z",
            "account_number": "000000000",
            "description": "salary",
            "payment_type": "s"
        }
    },
    {
        "model": "Finance.payment",
        "pk": 604,
        "fields": {
            "amount": "2210.07",
            "date": "2018-07-28T14:22:04.043Z",
            "account_number": "000000000",
            "description": "salary",
            "payment_type": "s"
        }
    },
    {
        "model": "Finance.payment",
        "pk": 605,
        "fields": {
            "amount": "1718.93",
            "date": "2018-07-28T14:22:04.198Z",
            "account_number": "000000000",
            "description": "salary",
            "payment_type": "s"
        }
    },
    {
        "model": "Finance.payment",
        "pk": 606,
        "fields": {
            "amount": "1299.35",
            "date": "2018-07-28T14:22:04.343Z",
            "account_number": "000000000",
            "description": "salary",
            "payment_type": "s"
        }
    },
    {
        "model": "Finance.payment",
        "pk": 607,
        "fields": {
            "amount": "1076.33",
            "date": "2018-07-28T14:22:04.485Z",
            "account_number": "000000000",
            "description": "salary",
            "payment_type": "s"
        }
    },
    {
        "model": "Finance.payment",
        "pk": 608,
        "fields": {
            "amount": "1551.71",
            "date": "2018-07-28T14:22:04.631Z",
            "account_number": "000000000",
            "description": "salary",
            "payment_type": "s"
        }
    },
    {
        "model": "Finance.payment",
        "pk": 609,
        "fields": {
            "amount": "1237.01",
            "date": "2018-07-28T14:22:04.786Z",
            "account_number": "000000000",
            "description": "salary",
            "payment_type": "s"
        }
    },
    {
        "model": "Finance.payment",
        "pk": 610,
        "fields": {
            "amount": "1489.47",
            "date": "2018-07-28T14:22:04.931Z",
            "account_number": "000000000",
            "description": "salary",
            "payment_type": "s"
        }
    },
    {
        "model": "Finance.payment",
        "pk": 611,
        "fields": {
            "amount": "1247.7",
            "date": "2018-07-28T14:22:05.110Z",
            "account_number": "000000000",
            "description": "salary",
            "payment_type": "s"
        }
    },
    {
        "model": "Finance.payment",
        "pk": 612,
        "fields": {
            "amount": "1948.96",
            "date": "2018-07-28T14:22:05.265Z",
            "account_number": "000000000",
            "description": "salary",
            "payment_type": "s"
        }
    },
    {
        "model": "Finance.payment",
        "pk": 613,
        "fields": {
            "amount": "1540.41",
            "date": "2018-07-28T14:22:05.417Z",
            "account_number": "000000000",
            "description": "salary",
            "payment_type": "s"
        }
    },
    {
        "model": "Finance.payment",
        "pk": 614,
        "fields": {
            "amount": "1320.47",
            "date": "2018-07-28T14:22:05.552Z",
            "account_number": "000000000",
            "description": "salary",
            "payment_type": "s"
        }
    },
    {
        "model": "Finance.payment",
        "pk": 615,
        "fields": {
            "amount": "1481.27",
            "date": "2018-07-28T14:22:05.696Z",
            "account_number": "000000000",
            "description": "salary",
            "payment_type": "s"
        }
    },
    {
        "model": "Finance.payment",
        "pk": 616,
        "fields": {
            "amount": "1394.98",
            "date": "2018-07-28T14:22:05.851Z",
            "account_number": "000000000",
            "description": "salary",
            "payment_type": "s"
        }
    },
    {
        "model": "Finance.payment",
        "pk": 617,
        "fields": {
            "amount": "1076.16",
            "date": "2018-07-28T14:22:06.041Z",
            "account_number": "000000000",
            "description": "salary",
            "payment_type": "s"
        }
    },
    {
        "model": "Finance.payment",
        "pk": 618,
        "fields": {
            "amount": "1503.02",
            "date": "2018-07-28T14:22:06.176Z",
            "account_number": "000000000",
            "description": "salary",
            "payment_type": "s"
        }
    },
    {
        "model": "Finance.payment",
        "pk": 619,
        "fields": {
            "amount": "2034.07",
            "date": "2018-07-28T14:22:06.354Z",
            "account_number": "000000000",
            "description": "salary",
            "payment_type": "s"
        }
    },
    {
        "model": "Finance.payment",
        "pk": 620,
        "fields": {
            "amount": "1900.23",
            "date": "2018-07-28T14:22:06.507Z",
            "account_number": "000000000",
            "description": "salary",
            "payment_type": "s"
        }
    },
    {
        "model": "Finance.payment",
        "pk": 621,
        "fields": {
            "amount": "1979.86",
            "date": "2018-07-28T14:22:06.664Z",
            "account_number": "000000000",
            "description": "salary",
            "payment_type": "s"
        }
    },
    {
        "model": "Finance.payment",
        "pk": 622,
        "fields": {
            "amount": "1538.34",
            "date": "2018-07-28T14:22:06.828Z",
            "account_number": "000000000",
            "description": "salary",
            "payment_type": "s"
        }
    },
    {
        "model": "Finance.payment",
        "pk": 623,
        "fields": {
            "amount": "1292.02",
            "date": "2018-07-28T14:22:06.996Z",
            "account_number": "000000000",
            "description": "salary",
            "payment_type": "s"
        }
    },
    {
        "model": "Finance.payment",
        "pk": 631,
        "fields": {
            "amount": "1562.47",
            "date": "2018-07-28T14:22:08.186Z",
            "account_number": "000000000",
            "description": "salary",
            "payment_type": "s"
        }
    },
    {
        "model": "Finance.payment",
        "pk": 657,
        "fields": {
            "amount": "1114.7",
            "date": "2018-07-28T14:22:12.901Z",
            "account_number": "000000000",
            "description": "salary",
            "payment_type": "s"
        }
    },
    {
        "model": "Finance.payment",
        "pk": 664,
        "fields": {
            "amount": "2160.82",
            "date": "2018-07-28T14:22:13.998Z",
            "account_number": "000000000",
            "description": "salary",
            "payment_type": "s"
        }
    },
    {
        "model": "Finance.payment",
        "pk": 735,
        "fields": {
            "amount": "1935.22",
            "date": "2018-07-28T14:22:26.310Z",
            "account_number": "000000000",
            "description": "salary",
            "payment_type": "s"
        }
    },
    {
        "model": "Finance.payment",
        "pk": 744,
        "fields": {
            "amount": "1259.7",
            "date": "2018-07-28T14:22:27.720Z",
            "account_number": "000000000",
            "description": "salary",
            "payment_type": "s"
        }
    },
    {
        "model": "Finance.payment",
        "pk": 793,
        "fields": {
            "amount": "1827.11",
            "date": "2018-07-28T14:22:35.755Z",
            "account_number": "000000000",
            "description": "salary",
            "payment_type": "s"
        }
    },
    {
        "model": "Finance.payment",
        "pk": 798,
        "fields": {
            "amount": "1118.98",
            "date": "2018-07-28T14:22:36.544Z",
            "account_number": "000000000",
            "description": "salary",
            "payment_type": "s"
        }
    },
    {
        "model": "Finance.payment",
        "pk": 870,
        "fields": {
            "amount": "1200.28",
            "date": "2018-07-28T14:22:49.879Z",
            "account_number": "000000000",
            "description": "salary",
            "payment_type": "s"
        }
    },
    {
        "model": "Finance.payment",
        "pk": 911,
        "fields": {
            "amount": "1806.24",
            "date": "2018-07-28T14:22:56.779Z",
            "account_number": "000000000",
            "description": "salary",
            "payment_type": "s"
        }
    },
    {
        "model": "Finance.payment",
        "pk": 934,
        "fields": {
            "amount": "1672.09",
            "date": "2018-07-28T14:23:00.787Z",
            "account_number": "000000000",
            "description": "salary",
            "payment_type": "s"
        }
    },
    {
        "model": "Finance.payment",
        "pk": 948,
        "fields": {
            "amount": "1329.33",
            "date": "2018-07-28T14:23:03.417Z",
            "account_number": "000000000",
            "description": "salary",
            "payment_type": "s"
        }
    },
    {
        "model": "Finance.payment",
        "pk": 960,
        "fields": {
            "amount": "2061.87",
            "date": "2018-07-28T14:23:05.659Z",
            "account_number": "000000000",
            "description": "salary",
            "payment_type": "s"
        }
    },
    {
        "model": "Finance.payment",
        "pk": 985,
        "fields": {
            "amount": "1961.74",
            "date": "2018-07-28T14:23:10.920Z",
            "account_number": "000000000",
            "description": "salary",
            "payment_type": "s"
        }
    },
    {
        "model": "Finance.payment",
        "pk": 1000,
        "fields": {
            "amount": "1905.11",
            "date": "2018-07-28T14:23:14.228Z",
            "account_number": "000000000",
            "description": "salary",
            "payment_type": "s"
        }
    },
    {
        "model": "Finance.payment",
        "pk": 1008,
        "fields": {
            "amount": "1461.94",
            "date": "2018-07-28T14:23:15.710Z",
            "account_number": "000000000",
            "description": "salary",
            "payment_type": "s"
        }
    },
    {
        "model": "Finance.payment",
        "pk": 1095,
        "fields": {
            "amount": "1658.88",
            "date": "2018-07-28T14:23:33.286Z",
            "account_number": "000000000",
            "description": "salary",
            "payment_type": "s"
        }
    },
    {
        "model": "Finance.payment",
        "pk": 1096,
        "fields": {
            "amount": "1781.86",
            "date": "2018-07-28T14:23:33.452Z",
            "account_number": "000000000",
            "description": "salary",
            "payment_type": "s"
        }
    },
    {
        "model": "Finance.employee",
        "pk": 105,
        "fields": {
            "account": 2,
            "department": 11,
            "phone": "4235419537"
        }
    },
    {
        "model": "Finance.employee",
        "pk": 106,
        "fields": {
            "account": 3,
            "department": 4,
            "phone": "4187782638"
        }
    },
    {
        "model": "Finance.employee",
        "pk": 107,
        "fields": {
            "account": 4,
            "department": 4,
            "phone": "2672696660"
        }
    },
    {
        "model": "Finance.employee",
        "pk": 108,
        "fields": {
            "account": 5,
            "department": 9,
            "phone": "6916147863"
        }
    },
    {
        "model": "Finance.employee",
        "pk": 109,
        "fields": {
            "account": 6,
            "department": 9,
            "phone": "2387325367"
        }
    },
    {
        "model": "Finance.employee",
        "pk": 110,
        "fields": {
            "account": 7,
            "department": 11,
            "phone": "1120080047"
        }
    },
    {
        "model": "Finance.employee",
        "pk": 111,
        "fields": {
            "account": 8,
            "department": 4,
            "phone": "2469123569"
        }
    },
    {
        "model": "Finance.employee",
        "pk": 112,
        "fields": {
            "account": 9,
            "department": 12,
            "phone": "7901696700"
        }
    },
    {
        "model": "Finance.employee",
        "pk": 113,
        "fields": {
            "account": 10,
            "department": 10,
            "phone": "3064221279"
        }
    },
    {
        "model": "Finance.employee",
        "pk": 114,
        "fields": {
            "account": 11,
            "department": 3,
            "phone": "7146960891"
        }
    },
    {
        "model": "Finance.employee",
        "pk": 115,
        "fields": {
            "account": 12,
            "department": 12,
            "phone": "8432695222"
        }
    },
    {
        "model": "Finance.employee",
        "pk": 116,
        "fields": {
            "account": 13,
            "department": 6,
            "phone": "1513807297"
        }
    },
    {
        "model": "Finance.employee",
        "pk": 117,
        "fields": {
            "account": 14,
            "department": 3,
            "phone": "7974121238"
        }
    },
    {
        "model": "Finance.employee",
        "pk": 118,
        "fields": {
            "account": 15,
            "department": 8,
            "phone": "8242731199"
        }
    },
    {
        "model": "Finance.employee",
        "pk": 119,
        "fields": {
            "account": 16,
            "department": 3,
            "phone": "0835626431"
        }
    },
    {
        "model": "Finance.employee",
        "pk": 120,
        "fields": {
            "account": 17,
            "department": 8,
            "phone": "6534377407"
        }
    },
    {
        "model": "Finance.employee",
        "pk": 121,
        "fields": {
            "account": 18,
            "department": 3,
            "phone": "0428081350"
        }
    },
    {
        "model": "Finance.employee",
        "pk": 122,
        "fields": {
            "account": 19,
            "department": 4,
            "phone": "8086723499"
        }
    },
    {
        "model": "Finance.employee",
        "pk": 123,
        "fields": {
            "account": 20,
            "department": 3,
            "phone": "0334268750"
        }
    },
    {
        "model": "Finance.employee",
        "pk": 124,
        "fields": {
            "account": 21,
            "department": 9,
            "phone": "7767055621"
        }
    },
    {
        "model": "Finance.employee",
        "pk": 125,
        "fields": {
            "account": 22,
            "department": 11,
            "phone": "9653590421"
        }
    },
    {
        "model": "Finance.employee",
        "pk": 126,
        "fields": {
            "account": 23,
            "department": 6,
            "phone": "9490015020"
        }
    },
    {
        "model": "Finance.employee",
        "pk": 127,
        "fields": {
            "account": 24,
            "department": 3,
            "phone": "8452208294"
        }
    },
    {
        "model": "Finance.employee",
        "pk": 128,
        "fields": {
            "account": 25,
            "department": 8,
            "phone": "7094976971"
        }
    },
    {
        "model": "Finance.employee",
        "pk": 129,
        "fields": {
            "account": 26,
            "department": 12,
            "phone": "3125108209"
        }
    },
    {
        "model": "Finance.employee",
        "pk": 130,
        "fields": {
            "account": 27,
            "department": 7,
            "phone": "4803783220"
        }
    },
    {
        "model": "Finance.employee",
        "pk": 131,
        "fields": {
            "account": 28,
            "department": 8,
            "phone": "7395993897"
        }
    },
    {
        "model": "Finance.employee",
        "pk": 132,
        "fields": {
            "account": 29,
            "department": 5,
            "phone": "7826811260"
        }
    },
    {
        "model": "Finance.employee",
        "pk": 133,
        "fields": {
            "account": 30,
            "department": 10,
            "phone": "9996086193"
        }
    },
    {
        "model": "Finance.salary",
        "pk": 1,
        "fields": {
            "employee": 105,
            "base": "1757.05",
            "tax": "0.3",
            "insurance": "3.3",
            "overtime": 1
        }
    },
    {
        "model": "Finance.salary",
        "pk": 2,
        "fields": {
            "employee": 106,
            "base": "1983.48",
            "tax": "0.5",
            "insurance": "0",
            "overtime": 2
        }
    },
    {
        "model": "Finance.salary",
        "pk": 3,
        "fields": {
            "employee": 107,
            "base": "1010.26",
            "tax": "1.7",
            "insurance": "3.2",
            "overtime": 3
        }
    },
    {
        "model": "Finance.salary",
        "pk": 4,
        "fields": {
            "employee": 108,
            "base": "1926.78",
            "tax": "5.3",
            "insurance": "3.9",
            "overtime": 4
        }
    },
    {
        "model": "Finance.salary",
        "pk": 5,
        "fields": {
            "employee": 109,
            "base": "1907.07",
            "tax": "6",
            "insurance": "3.1",
            "overtime": 5
        }
    },
    {
        "model": "Finance.salary",
        "pk": 6,
        "fields": {
            "employee": 110,
            "base": "1952.3",
            "tax": "0.6",
            "insurance": "0.8",
            "overtime": 6
        }
    },
    {
        "model": "Finance.salary",
        "pk": 7,
        "fields": {
            "employee": 111,
            "base": "1696.11",
            "tax": "0.4",
            "insurance": "2",
            "overtime": 7
        }
    },
    {
        "model": "Finance.salary",
        "pk": 8,
        "fields": {
            "employee": 112,
            "base": "1807.86",
            "tax": "5.1",
            "insurance": "1",
            "overtime": 8
        }
    },
    {
        "model": "Finance.salary",
        "pk": 9,
        "fields": {
            "employee": 113,
            "base": "1302.45",
            "tax": "2.8",
            "insurance": "2.7",
            "overtime": 9
        }
    },
    {
        "model": "Finance.salary",
        "pk": 10,
        "fields": {
            "employee": 114,
            "base": "1660.08",
            "tax": "3.3",
            "insurance": "3.8",
            "overtime": 10
        }
    },
    {
        "model": "Finance.salary",
        "pk": 11,
        "fields": {
            "employee": 115,
            "base": "1597.86",
            "tax": "0.7",
            "insurance": "4.9",
            "overtime": 11
        }
    },
    {
        "model": "Finance.salary",
        "pk": 12,
        "fields": {
            "employee": 116,
            "base": "1044.8",
            "tax": "4.3",
            "insurance": "1.2",
            "overtime": 12
        }
    },
    {
        "model": "Finance.salary",
        "pk": 13,
        "fields": {
            "employee": 117,
            "base": "1716.24",
            "tax": "5.7",
            "insurance": "4.2",
            "overtime": 13
        }
    },
    {
        "model": "Finance.salary",
        "pk": 14,
        "fields": {
            "employee": 118,
            "base": "1008.74",
            "tax": "0.9",
            "insurance": "1.7",
            "overtime": 14
        }
    },
    {
        "model": "Finance.salary",
        "pk": 15,
        "fields": {
            "employee": 119,
            "base": "1750.22",
            "tax": "1.4",
            "insurance": "1.5",
            "overtime": 15
        }
    },
    {
        "model": "Finance.salary",
        "pk": 16,
        "fields": {
            "employee": 120,
            "base": "1739.45",
            "tax": "2.3",
            "insurance": "4.1",
            "overtime": 16
        }
    },
    {
        "model": "Finance.salary",
        "pk": 17,
        "fields": {
            "employee": 121,
            "base": "1459.91",
            "tax": "2",
            "insurance": "0.7",
            "overtime": 17
        }
    },
    {
        "model": "Finance.salary",
        "pk": 18,
        "fields": {
            "employee": 122,
            "base": "1076.37",
            "tax": "6.7",
            "insurance": "2.6",
            "overtime": 18
        }
    },
    {
        "model": "Finance.salary",
        "pk": 19,
        "fields": {
            "employee": 123,
            "base": "1087.44",
            "tax": "5.5",
            "insurance": "0",
            "overtime": 19
        }
    },
    {
        "model": "Finance.salary",
        "pk": 20,
        "fields": {
            "employee": 124,
            "base": "1942.26",
            "tax": "1",
            "insurance": "4.8",
            "overtime": 20
        }
    },
    {
        "model": "Finance.salary",
        "pk": 21,
        "fields": {
            "employee": 125,
            "base": "1422.14",
            "tax": "1.1",
            "insurance": "1.3",
            "overtime": 21
        }
    },
    {
        "model": "Finance.salary",
        "pk": 22,
        "fields": {
            "employee": 126,
            "base": "1785.07",
            "tax": "3.2",
            "insurance": "0.7",
            "overtime": 22
        }
    },
    {
        "model": "Finance.salary",
        "pk": 23,
        "fields": {
            "employee": 127,
            "base": "1303.56",
            "tax": "0.4",
            "insurance": "4",
            "overtime": 23
        }
    },
    {
        "model": "Finance.salary",
        "pk": 24,
        "fields": {
            "employee": 128,
            "base": "1611.09",
            "tax": "5.5",
            "insurance": "1.6",
            "overtime": 24
        }
    },
    {
        "model": "Finance.salary",
        "pk": 25,
        "fields": {
            "employee": 129,
            "base": "1536.4",
            "tax": "1.7",
            "insurance": "2.2",
            "overtime": 25
        }
    },
    {
        "model": "Finance.salary",
        "pk": 26,
        "fields": {
            "employee": 130,
            "base": "1741.36",
            "tax": "1.8",
            "insurance": "1.5",
            "overtime": 26
        }
    },
    {
        "model": "Finance.salary",
        "pk": 27,
        "fields": {
            "employee": 131,
            "base": "1227.28",
            "tax": "7",
            "insurance": "2.5",
            "overtime": 27
        }
    },
    {
        "model": "Finance.salary",
        "pk": 28,
        "fields": {
            "employee": 132,
            "base": "1593.71",
            "tax": "5.7",
            "insurance": "0.5",
            "overtime": 28
        }
    },
    {
        "model": "Finance.salary",
        "pk": 29,
        "fields": {
            "employee": 133,
            "base": "1345.08",
            "tax": "1.2",
            "insurance": "4.4",
            "overtime": 29
        }
    },
    {
        "model": "Finance.payslip",
        "pk": 9,
        "fields": {
            "base": "1076.37",
            "tax": "85",
            "insurance": "103",
            "overtime": "495",
            "created": "2018-07-28",
            "payment": null,
            "salary": 18
        }
    },
    {
        "model": "Finance.payslip",
        "pk": 14,
        "fields": {
            "base": "1807.86",
            "tax": "67",
            "insurance": "108",
            "overtime": "149",
            "created": "2018-07-28",
            "payment": 1096,
            "salary": 8
        }
    },
    {
        "model": "Finance.payslip",
        "pk": 15,
        "fields": {
            "base": "1750.22",
            "tax": "53",
            "insurance": "187",
            "overtime": "425",
            "created": "2018-07-28",
            "payment": 735,
            "salary": 15
        }
    },
    {
        "model": "Finance.payslip",
        "pk": 19,
        "fields": {
            "base": "1739.45",
            "tax": "46",
            "insurance": "159",
            "overtime": "366",
            "created": "2018-07-28",
            "payment": null,
            "salary": 16
        }
    },
    {
        "model": "Finance.payslip",
        "pk": 21,
        "fields": {
            "base": "1696.11",
            "tax": "33",
            "insurance": "104",
            "overtime": "268",
            "created": "2018-07-28",
            "payment": 793,
            "salary": 7
        }
    },
    {
        "model": "Finance.payslip",
        "pk": 24,
        "fields": {
            "base": "1716.24",
            "tax": "40",
            "insurance": "104",
            "overtime": "112",
            "created": "2018-07-28",
            "payment": null,
            "salary": 13
        }
    },
    {
        "model": "Finance.payslip",
        "pk": 25,
        "fields": {
            "base": "1696.11",
            "tax": "1",
            "insurance": "141",
            "overtime": "351",
            "created": "2018-07-28",
            "payment": 1000,
            "salary": 7
        }
    },
    {
        "model": "Finance.payslip",
        "pk": 31,
        "fields": {
            "base": "1611.09",
            "tax": "22",
            "insurance": "146",
            "overtime": "229",
            "created": "2018-07-28",
            "payment": 934,
            "salary": 24
        }
    },
    {
        "model": "Finance.payslip",
        "pk": 33,
        "fields": {
            "base": "1785.07",
            "tax": "49",
            "insurance": "106",
            "overtime": "285",
            "created": "2018-07-28",
            "payment": null,
            "salary": 22
        }
    },
    {
        "model": "Finance.payslip",
        "pk": 36,
        "fields": {
            "base": "1807.86",
            "tax": "69",
            "insurance": "149",
            "overtime": "341",
            "created": "2018-07-28",
            "payment": null,
            "salary": 8
        }
    },
    {
        "model": "Finance.payslip",
        "pk": 38,
        "fields": {
            "base": "1597.86",
            "tax": "83",
            "insurance": "200",
            "overtime": "475",
            "created": "2018-07-28",
            "payment": null,
            "salary": 11
        }
    },
    {
        "model": "Finance.payslip",
        "pk": 39,
        "fields": {
            "base": "1757.05",
            "tax": "99",
            "insurance": "150",
            "overtime": "145",
            "created": "2018-07-28",
            "payment": null,
            "salary": 1
        }
    },
    {
        "model": "Finance.payslip",
        "pk": 40,
        "fields": {
            "base": "1807.86",
            "tax": "20",
            "insurance": "191",
            "overtime": "383",
            "created": "2018-07-28",
            "payment": 621,
            "salary": 8
        }
    },
    {
        "model": "Finance.payslip",
        "pk": 41,
        "fields": {
            "base": "1983.48",
            "tax": "21",
            "insurance": "182",
            "overtime": "364",
            "created": "2018-07-28",
            "payment": null,
            "salary": 2
        }
    },
    {
        "model": "Finance.payslip",
        "pk": 56,
        "fields": {
            "base": "1983.48",
            "tax": "48",
            "insurance": "113",
            "overtime": "387",
            "created": "2018-07-28",
            "payment": null,
            "salary": 2
        }
    },
    {
        "model": "Finance.payslip",
        "pk": 59,
        "fields": {
            "base": "1076.37",
            "tax": "45",
            "insurance": "150",
            "overtime": "452",
            "created": "2018-07-28",
            "payment": null,
            "salary": 18
        }
    },
    {
        "model": "Finance.payslip",
        "pk": 63,
        "fields": {
            "base": "1044.8",
            "tax": "47",
            "insurance": "193",
            "overtime": "412",
            "created": "2018-07-28",
            "payment": null,
            "salary": 12
        }
    },
    {
        "model": "Finance.payslip",
        "pk": 64,
        "fields": {
            "base": "1750.22",
            "tax": "96",
            "insurance": "113",
            "overtime": "304",
            "created": "2018-07-28",
            "payment": null,
            "salary": 15
        }
    },
    {
        "model": "Finance.payslip",
        "pk": 67,
        "fields": {
            "base": "1303.56",
            "tax": "31",
            "insurance": "181",
            "overtime": "127",
            "created": "2018-07-28",
            "payment": null,
            "salary": 23
        }
    },
    {
        "model": "Finance.payslip",
        "pk": 68,
        "fields": {
            "base": "1008.74",
            "tax": "82",
            "insurance": "109",
            "overtime": "263",
            "created": "2018-07-28",
            "payment": null,
            "salary": 14
        }
    },
    {
        "model": "Finance.payslip",
        "pk": 84,
        "fields": {
            "base": "1907.07",
            "tax": "53",
            "insurance": "160",
            "overtime": "401",
            "created": "2018-07-28",
            "payment": null,
            "salary": 5
        }
    },
    {
        "model": "Finance.payslip",
        "pk": 90,
        "fields": {
            "base": "1076.37",
            "tax": "84",
            "insurance": "170",
            "overtime": "259",
            "created": "2018-07-28",
            "payment": null,
            "salary": 18
        }
    },
    {
        "model": "Finance.payslip",
        "pk": 91,
        "fields": {
            "base": "1227.28",
            "tax": "72",
            "insurance": "179",
            "overtime": "435",
            "created": "2018-07-28",
            "payment": null,
            "salary": 27
        }
    },
    {
        "model": "Finance.payslip",
        "pk": 94,
        "fields": {
            "base": "1593.71",
            "tax": "63",
            "insurance": "200",
            "overtime": "310",
            "created": "2018-07-28",
            "payment": null,
            "salary": 28
        }
    },
    {
        "model": "Finance.payslip",
        "pk": 96,
        "fields": {
            "base": "1345.08",
            "tax": "82",
            "insurance": "111",
            "overtime": "212",
            "created": "2018-07-28",
            "payment": null,
            "salary": 29
        }
    },
    {
        "model": "Finance.payslip",
        "pk": 99,
        "fields": {
            "base": "1303.56",
            "tax": "14",
            "insurance": "158",
            "overtime": "306",
            "created": "2018-07-28",
            "payment": null,
            "salary": 23
        }
    },
    {
        "model": "Finance.payslip",
        "pk": 106,
        "fields": {
            "base": "1741.36",
            "tax": "86",
            "insurance": "123",
            "overtime": "366",
            "created": "2018-07-28",
            "payment": null,
            "salary": 26
        }
    },
    {
        "model": "Finance.payslip",
        "pk": 116,
        "fields": {
            "base": "1942.26",
            "tax": "51",
            "insurance": "180",
            "overtime": "312",
            "created": "2018-07-28",
            "payment": null,
            "salary": 20
        }
    },
    {
        "model": "Finance.payslip",
        "pk": 124,
        "fields": {
            "base": "1303.56",
            "tax": "74",
            "insurance": "169",
            "overtime": "272",
            "created": "2018-07-28",
            "payment": null,
            "salary": 23
        }
    },
    {
        "model": "Finance.payslip",
        "pk": 125,
        "fields": {
            "base": "1303.56",
            "tax": "63",
            "insurance": "181",
            "overtime": "454",
            "created": "2018-07-28",
            "payment": null,
            "salary": 23
        }
    },
    {
        "model": "Finance.payslip",
        "pk": 127,
        "fields": {
            "base": "1611.09",
            "tax": "53",
            "insurance": "119",
            "overtime": "295",
            "created": "2018-07-28",
            "payment": null,
            "salary": 24
        }
    },
    {
        "model": "Finance.payslip",
        "pk": 136,
        "fields": {
            "base": "1660.08",
            "tax": "25",
            "insurance": "137",
            "overtime": "450",
            "created": "2018-07-28",
            "payment": null,
            "salary": 10
        }
    },
    {
        "model": "Finance.payslip",
        "pk": 137,
        "fields": {
            "base": "1660.08",
            "tax": "28",
            "insurance": "162",
            "overtime": "328",
            "created": "2018-07-28",
            "payment": null,
            "salary": 10
        }
    },
    {
        "model": "Finance.payslip",
        "pk": 143,
        "fields": {
            "base": "1422.14",
            "tax": "62",
            "insurance": "153",
            "overtime": "475",
            "created": "2018-07-28",
            "payment": null,
            "salary": 21
        }
    },
    {
        "model": "Finance.payslip",
        "pk": 145,
        "fields": {
            "base": "1459.91",
            "tax": "88",
            "insurance": "174",
            "overtime": "431",
            "created": "2018-07-28",
            "payment": null,
            "salary": 17
        }
    },
    {
        "model": "Finance.payslip",
        "pk": 153,
        "fields": {
            "base": "1422.14",
            "tax": "44",
            "insurance": "195",
            "overtime": "127",
            "created": "2018-07-28",
            "payment": null,
            "salary": 21
        }
    },
    {
        "model": "Finance.payslip",
        "pk": 156,
        "fields": {
            "base": "1076.37",
            "tax": "89",
            "insurance": "142",
            "overtime": "125",
            "created": "2018-07-28",
            "payment": null,
            "salary": 18
        }
    },
    {
        "model": "Finance.payslip",
        "pk": 157,
        "fields": {
            "base": "1303.56",
            "tax": "72",
            "insurance": "115",
            "overtime": "285",
            "created": "2018-07-28",
            "payment": null,
            "salary": 23
        }
    },
    {
        "model": "Finance.payslip",
        "pk": 159,
        "fields": {
            "base": "1010.26",
            "tax": "63",
            "insurance": "168",
            "overtime": "344",
            "created": "2018-07-28",
            "payment": null,
            "salary": 3
        }
    },
    {
        "model": "Finance.payslip",
        "pk": 164,
        "fields": {
            "base": "1010.26",
            "tax": "22",
            "insurance": "154",
            "overtime": "341",
            "created": "2018-07-28",
            "payment": null,
            "salary": 3
        }
    },
    {
        "model": "Finance.payslip",
        "pk": 172,
        "fields": {
            "base": "1227.28",
            "tax": "45",
            "insurance": "127",
            "overtime": "150",
            "created": "2018-07-28",
            "payment": null,
            "salary": 27
        }
    },
    {
        "model": "Finance.attendance",
        "pk": 15,
        "fields": {
            "employee": 116,
            "date": "2017-12-21",
            "in_time": "09:13:31",
            "out_time": "19:34:10",
            "late_cause": null
        }
    },
    {
        "model": "Finance.attendance",
        "pk": 18,
        "fields": {
            "employee": 122,
            "date": "2017-08-03",
            "in_time": "08:34:20",
            "out_time": "19:24:23",
            "late_cause": null
        }
    },
    {
        "model": "Finance.attendance",
        "pk": 20,
        "fields": {
            "employee": 119,
            "date": "2017-12-07",
            "in_time": "11:44:22",
            "out_time": "18:40:31",
            "late_cause": null
        }
    },
    {
        "model": "Finance.attendance",
        "pk": 23,
        "fields": {
            "employee": 127,
            "date": "2017-09-30",
            "in_time": "09:07:14",
            "out_time": "19:55:12",
            "late_cause": null
        }
    },
    {
        "model": "Finance.attendance",
        "pk": 30,
        "fields": {
            "employee": 127,
            "date": "2018-01-21",
            "in_time": "10:43:14",
            "out_time": "19:37:34",
            "late_cause": null
        }
    },
    {
        "model": "Finance.attendance",
        "pk": 31,
        "fields": {
            "employee": 127,
            "date": "2018-03-18",
            "in_time": "10:20:21",
            "out_time": "18:12:46",
            "late_cause": null
        }
    },
    {
        "model": "Finance.attendance",
        "pk": 34,
        "fields": {
            "employee": 117,
            "date": "2017-11-16",
            "in_time": "09:51:42",
            "out_time": "18:52:46",
            "late_cause": null
        }
    },
    {
        "model": "Finance.attendance",
        "pk": 35,
        "fields": {
            "employee": 122,
            "date": "2018-01-13",
            "in_time": "09:55:38",
            "out_time": "18:28:46",
            "late_cause": null
        }
    },
    {
        "model": "Finance.attendance",
        "pk": 47,
        "fields": {
            "employee": 116,
            "date": "2018-01-14",
            "in_time": "08:13:54",
            "out_time": "19:33:28",
            "late_cause": null
        }
    },
    {
        "model": "Finance.attendance",
        "pk": 51,
        "fields": {
            "employee": 129,
            "date": "2018-03-04",
            "in_time": "08:16:12",
            "out_time": "18:16:15",
            "late_cause": null
        }
    },
    {
        "model": "Finance.attendance",
        "pk": 52,
        "fields": {
            "employee": 132,
            "date": "2018-05-15",
            "in_time": "09:03:03",
            "out_time": "18:36:22",
            "late_cause": null
        }
    },
    {
        "model": "Finance.attendance",
        "pk": 55,
        "fields": {
            "employee": 120,
            "date": "2018-01-28",
            "in_time": "11:08:23",
            "out_time": "18:17:44",
            "late_cause": null
        }
    },
    {
        "model": "Finance.attendance",
        "pk": 58,
        "fields": {
            "employee": 119,
            "date": "2018-04-30",
            "in_time": "10:12:51",
            "out_time": "18:43:21",
            "late_cause": null
        }
    },
    {
        "model": "Finance.attendance",
        "pk": 61,
        "fields": {
            "employee": 117,
            "date": "2017-09-21",
            "in_time": "09:49:11",
            "out_time": "18:37:54",
            "late_cause": null
        }
    },
    {
        "model": "Finance.attendance",
        "pk": 66,
        "fields": {
            "employee": 115,
            "date": "2018-05-18",
            "in_time": "10:39:33",
            "out_time": "18:11:57",
            "late_cause": null
        }
    },
    {
        "model": "Finance.attendance",
        "pk": 69,
        "fields": {
            "employee": 130,
            "date": "2018-03-08",
            "in_time": "10:48:39",
            "out_time": "19:35:14",
            "late_cause": null
        }
    },
    {
        "model": "Finance.attendance",
        "pk": 74,
        "fields": {
            "employee": 116,
            "date": "2017-12-15",
            "in_time": "09:55:00",
            "out_time": "18:28:30",
            "late_cause": null
        }
    },
    {
        "model": "Finance.attendance",
        "pk": 77,
        "fields": {
            "employee": 116,
            "date": "2018-03-10",
            "in_time": "09:53:22",
            "out_time": "19:47:52",
            "late_cause": null
        }
    },
    {
        "model": "Finance.attendance",
        "pk": 94,
        "fields": {
            "employee": 133,
            "date": "2017-10-03",
            "in_time": "10:44:07",
            "out_time": "19:12:04",
            "late_cause": null
        }
    },
    {
        "model": "Finance.attendance",
        "pk": 97,
        "fields": {
            "employee": 129,
            "date": "2018-01-16",
            "in_time": "09:35:20",
            "out_time": "19:37:32",
            "late_cause": null
        }
    },
    {
        "model": "Finance.attendance",
        "pk": 98,
        "fields": {
            "employee": 130,
            "date": "2018-05-14",
            "in_time": "09:12:14",
            "out_time": "19:01:41",
            "late_cause": null
        }
    },
    {
        "model": "Finance.attendance",
        "pk": 100,
        "fields": {
            "employee": 119,
            "date": "2018-03-04",
            "in_time": "11:11:14",
            "out_time": "19:17:13",
            "late_cause": null
        }
    },
    {
        "model": "Finance.attendance",
        "pk": 102,
        "fields": {
            "employee": 131,
            "date": "2018-06-27",
            "in_time": "08:31:38",
            "out_time": "18:01:48",
            "late_cause": null
        }
    },
    {
        "model": "Finance.attendance",
        "pk": 110,
        "fields": {
            "employee": 125,
            "date": "2018-02-13",
            "in_time": "09:52:04",
            "out_time": "18:01:12",
            "late_cause": null
        }
    },
    {
        "model": "Finance.attendance",
        "pk": 111,
        "fields": {
            "employee": 120,
            "date": "2017-10-31",
            "in_time": "11:08:46",
            "out_time": "19:05:50",
            "late_cause": null
        }
    },
    {
        "model": "Finance.attendance",
        "pk": 112,
        "fields": {
            "employee": 120,
            "date": "2018-01-04",
            "in_time": "08:12:12",
            "out_time": "19:53:48",
            "late_cause": null
        }
    },
    {
        "model": "Finance.attendance",
        "pk": 115,
        "fields": {
            "employee": 120,
            "date": "2018-07-15",
            "in_time": "10:05:52",
            "out_time": "19:44:58",
            "late_cause": null
        }
    },
    {
        "model": "Finance.attendance",
        "pk": 117,
        "fields": {
            "employee": 128,
            "date": "2018-02-02",
            "in_time": "10:48:15",
            "out_time": "18:18:35",
            "late_cause": null
        }
    },
    {
        "model": "Finance.attendance",
        "pk": 120,
        "fields": {
            "employee": 132,
            "date": "2018-03-31",
            "in_time": "09:35:49",
            "out_time": "19:09:14",
            "late_cause": null
        }
    },
    {
        "model": "Finance.attendance",
        "pk": 124,
        "fields": {
            "employee": 130,
            "date": "2018-03-21",
            "in_time": "08:53:07",
            "out_time": "19:05:31",
            "late_cause": null
        }
    },
    {
        "model": "Finance.attendance",
        "pk": 132,
        "fields": {
            "employee": 122,
            "date": "2017-12-21",
            "in_time": "08:36:18",
            "out_time": "18:56:57",
            "late_cause": null
        }
    },
    {
        "model": "Finance.attendance",
        "pk": 143,
        "fields": {
            "employee": 131,
            "date": "2017-11-09",
            "in_time": "10:23:06",
            "out_time": "18:54:03",
            "late_cause": null
        }
    },
    {
        "model": "Finance.attendance",
        "pk": 144,
        "fields": {
            "employee": 122,
            "date": "2017-10-26",
            "in_time": "10:02:12",
            "out_time": "19:51:15",
            "late_cause": null
        }
    },
    {
        "model": "Finance.attendance",
        "pk": 155,
        "fields": {
            "employee": 124,
            "date": "2017-12-29",
            "in_time": "11:37:51",
            "out_time": "19:20:51",
            "late_cause": null
        }
    },
    {
        "model": "Finance.attendance",
        "pk": 158,
        "fields": {
            "employee": 132,
            "date": "2018-07-21",
            "in_time": "08:05:47",
            "out_time": "19:00:50",
            "late_cause": null
        }
    },
    {
        "model": "Finance.attendance",
        "pk": 167,
        "fields": {
            "employee": 124,
            "date": "2018-02-24",
            "in_time": "11:20:28",
            "out_time": "18:46:43",
            "late_cause": null
        }
    },
    {
        "model": "Finance.attendance",
        "pk": 172,
        "fields": {
            "employee": 123,
            "date": "2017-08-09",
            "in_time": "08:05:12",
            "out_time": "18:06:30",
            "late_cause": null
        }
    },
    {
        "model": "Finance.attendance",
        "pk": 173,
        "fields": {
            "employee": 115,
            "date": "2018-01-29",
            "in_time": "10:14:09",
            "out_time": "18:49:06",
            "late_cause": null
        }
    },
    {
        "model": "Finance.attendance",
        "pk": 174,
        "fields": {
            "employee": 119,
            "date": "2018-02-27",
            "in_time": "09:54:25",
            "out_time": "18:17:39",
            "late_cause": null
        }
    },
    {
        "model": "Finance.attendance",
        "pk": 175,
        "fields": {
            "employee": 125,
            "date": "2018-05-24",
            "in_time": "08:24:58",
            "out_time": "19:03:11",
            "late_cause": null
        }
    },
    {
        "model": "Finance.attendance",
        "pk": 181,
        "fields": {
            "employee": 122,
            "date": "2017-12-16",
            "in_time": "10:52:51",
            "out_time": "19:42:01",
            "late_cause": null
        }
    },
    {
        "model": "Finance.project",
        "pk": 8,
        "fields": {
            "title": "Andrew",
            "department": 5,
            "estimated_end_time": "2012-09-06T21:14:28.602Z",
            "end_time": "2012-04-20T15:39:10.110Z"
        }
    },
    {
        "model": "Finance.project",
        "pk": 9,
        "fields": {
            "title": "Shaun",
            "department": 4,
            "estimated_end_time": "2004-01-16T20:51:08.358Z",
            "end_time": "1998-02-23T11:31:14.100Z"
        }
    },
    {
        "model": "Finance.project",
        "pk": 10,
        "fields": {
            "title": "Mathilde",
            "department": 12,
            "estimated_end_time": "2006-03-13T10:41:01.394Z",
            "end_time": "2011-04-07T05:44:47.386Z"
        }
    },
    {
        "model": "Finance.project",
        "pk": 11,
        "fields": {
            "title": "Kamren",
            "department": 5,
            "estimated_end_time": "1984-04-11T12:31:32.528Z",
            "end_time": "1995-09-08T00:30:26.789Z"
        }
    },
    {
        "model": "Finance.project",
        "pk": 12,
        "fields": {
            "title": "Coralie",
            "department": 11,
            "estimated_end_time": "2001-10-27T17:05:11.218Z",
            "end_time": "1990-10-30T23:40:33.358Z"
        }
    },
    {
        "model": "Finance.project",
        "pk": 13,
        "fields": {
            "title": "Torrance",
            "department": 10,
            "estimated_end_time": "2015-06-10T00:26:12.473Z",
            "end_time": "2003-03-08T14:25:37.396Z"
        }
    },
    {
        "model": "Finance.project",
        "pk": 14,
        "fields": {
            "title": "Kristopher",
            "department": 9,
            "estimated_end_time": "1993-12-25T02:26:49.843Z",
            "end_time": "1984-03-30T18:10:33.358Z"
        }
    },
    {
        "model": "Finance.project",
        "pk": 15,
        "fields": {
            "title": "Lowell",
            "department": 5,
            "estimated_end_time": "2001-07-29T07:15:19.825Z",
            "end_time": "2000-01-20T11:38:34.636Z"
        }
    },
    {
        "model": "Finance.project",
        "pk": 16,
        "fields": {
            "title": "Rosalinda",
            "department": 7,
            "estimated_end_time": "2018-07-21T18:49:55.057Z",
            "end_time": "2006-09-14T12:21:51.780Z"
        }
    },
    {
        "model": "Finance.project",
        "pk": 17,
        "fields": {
            "title": "Toby",
            "department": 10,
            "estimated_end_time": "1989-09-21T20:34:33.729Z",
            "end_time": "1994-03-26T00:27:51.045Z"
        }
    },
    {
        "model": "Finance.project",
        "pk": 18,
        "fields": {
            "title": "Shaylee",
            "department": 4,
            "estimated_end_time": "2004-12-25T12:01:49.883Z",
            "end_time": "2010-03-27T10:21:45.400Z"
        }
    },
    {
        "model": "Finance.project",
        "pk": 19,
        "fields": {
            "title": "Caterina",
            "department": 9,
            "estimated_end_time": "2011-05-24T22:57:02.436Z",
            "end_time": "2002-03-29T12:37:46.418Z"
        }
    },
    {
        "model": "Finance.project",
        "pk": 20,
        "fields": {
            "title": "Nico",
            "department": 8,
            "estimated_end_time": "2018-04-27T17:22:59.437Z",
            "end_time": "2016-04-20T11:23:51.538Z"
        }
    },
    {
        "model": "Finance.project",
        "pk": 21,
        "fields": {
            "title": "Brannon",
            "department": 7,
            "estimated_end_time": "2004-01-18T04:08:10.534Z",
            "end_time": "2001-10-11T05:20:13.552Z"
        }
    },
    {
        "model": "Finance.project",
        "pk": 22,
        "fields": {
            "title": "Jena",
            "department": 7,
            "estimated_end_time": "1997-11-10T00:11:03.061Z",
            "end_time": "1981-07-05T11:44:45.501Z"
        }
    },
    {
        "model": "Finance.project",
        "pk": 23,
        "fields": {
            "title": "Antonette",
            "department": 5,
            "estimated_end_time": "2009-09-23T18:32:19.414Z",
            "end_time": "1994-01-18T16:39:00.001Z"
        }
    },
    {
        "model": "Finance.project",
        "pk": 24,
        "fields": {
            "title": "Aylin",
            "department": 12,
            "estimated_end_time": "1992-11-08T20:48:13.971Z",
            "end_time": "2015-08-20T17:07:02.390Z"
        }
    },
    {
        "model": "Finance.project",
        "pk": 25,
        "fields": {
            "title": "Christian",
            "department": 3,
            "estimated_end_time": "2002-08-22T09:29:35.160Z",
            "end_time": "2000-09-08T07:46:09.769Z"
        }
    },
    {
        "model": "Finance.project",
        "pk": 26,
        "fields": {
            "title": "Rosamond",
            "department": 8,
            "estimated_end_time": "1997-11-10T03:41:42.719Z",
            "end_time": "2002-01-02T02:34:11.461Z"
        }
    },
    {
        "model": "Finance.project",
        "pk": 27,
        "fields": {
            "title": "Priscilla",
            "department": 8,
            "estimated_end_time": "1994-05-20T19:50:02.516Z",
            "end_time": "1982-06-11T00:53:45.347Z"
        }
    },
    {
        "model": "Finance.project",
        "pk": 28,
        "fields": {
            "title": "Regan",
            "department": 5,
            "estimated_end_time": "2005-06-11T22:15:10.653Z",
            "end_time": "2006-01-22T17:19:59.906Z"
        }
    },
    {
        "model": "Finance.project",
        "pk": 29,
        "fields": {
            "title": "Rowland",
            "department": 7,
            "estimated_end_time": "2003-10-01T02:11:15.705Z",
            "end_time": "2005-03-12T23:41:13.187Z"
        }
    },
    {
        "model": "Finance.project",
        "pk": 30,
        "fields": {
            "title": "Heather",
            "department": 10,
            "estimated_end_time": "2000-10-06T08:17:51.546Z",
            "end_time": "1990-12-01T21:32:17.053Z"
        }
    },
    {
        "model": "Finance.project",
        "pk": 31,
        "fields": {
            "title": "Leif",
            "department": 3,
            "estimated_end_time": "1991-12-08T04:06:11.248Z",
            "end_time": "2014-10-17T11:57:02.961Z"
        }
    },
    {
        "model": "Finance.project",
        "pk": 32,
        "fields": {
            "title": "Eula",
            "department": 3,
            "estimated_end_time": "1997-05-28T09:33:58.860Z",
            "end_time": "1988-05-22T06:39:47.856Z"
        }
    },
    {
        "model": "Finance.project",
        "pk": 33,
        "fields": {
            "title": "Adah",
            "department": 11,
            "estimated_end_time": "1999-01-16T19:28:44.715Z",
            "end_time": "2005-12-12T02:27:09.933Z"
        }
    },
    {
        "model": "Finance.project",
        "pk": 34,
        "fields": {
            "title": "Jamie",
            "department": 3,
            "estimated_end_time": "2000-04-05T20:53:47.306Z",
            "end_time": "2001-06-01T03:24:35.204Z"
        }
    },
    {
        "model": "Finance.project",
        "pk": 35,
        "fields": {
            "title": "Saul",
            "department": 10,
            "estimated_end_time": "1991-05-31T19:41:32.730Z",
            "end_time": "2012-01-04T23:07:24.895Z"
        }
    },
    {
        "model": "Finance.project",
        "pk": 36,
        "fields": {
            "title": "Antonette",
            "department": 5,
            "estimated_end_time": "1998-08-10T14:56:44.377Z",
            "end_time": "1990-08-14T05:32:47.514Z"
        }
    },
    {
        "model": "Finance.project",
        "pk": 37,
        "fields": {
            "title": "Charley",
            "department": 9,
            "estimated_end_time": "2005-01-15T23:09:27.762Z",
            "end_time": "1992-06-21T00:20:54.623Z"
        }
    },
    {
        "model": "Finance.project",
        "pk": 38,
        "fields": {
            "title": "Cedrick",
            "department": 6,
            "estimated_end_time": "1999-06-03T09:21:45.416Z",
            "end_time": "2008-05-16T18:27:27.612Z"
        }
    },
    {
        "model": "Finance.project",
        "pk": 39,
        "fields": {
            "title": "Holden",
            "department": 4,
            "estimated_end_time": "2006-07-04T04:38:01.158Z",
            "end_time": "1995-02-15T21:06:29.772Z"
        }
    },
    {
        "model": "Finance.project",
        "pk": 40,
        "fields": {
            "title": "Larry",
            "department": 5,
            "estimated_end_time": "2000-01-28T20:46:53.408Z",
            "end_time": "2013-02-12T04:08:34.384Z"
        }
    },
    {
        "model": "Finance.project",
        "pk": 41,
        "fields": {
            "title": "Monica",
            "department": 11,
            "estimated_end_time": "2007-06-10T05:06:01.785Z",
            "end_time": "1987-08-21T09:41:01.391Z"
        }
    },
    {
        "model": "Finance.project",
        "pk": 42,
        "fields": {
            "title": "Ora",
            "department": 5,
            "estimated_end_time": "1994-12-01T23:13:57.273Z",
            "end_time": "2014-06-10T13:08:22.922Z"
        }
    },
    {
        "model": "Finance.project",
        "pk": 43,
        "fields": {
            "title": "Sarah",
            "department": 11,
            "estimated_end_time": "1989-09-05T02:30:53.884Z",
            "end_time": "2011-10-05T23:02:43.649Z"
        }
    },
    {
        "model": "Finance.project",
        "pk": 44,
        "fields": {
            "title": "Karl",
            "department": 9,
            "estimated_end_time": "2006-03-15T14:52:26.277Z",
            "end_time": "1999-09-09T20:01:12.250Z"
        }
    },
    {
        "model": "Finance.project",
        "pk": 45,
        "fields": {
            "title": "Marlon",
            "department": 5,
            "estimated_end_time": "2001-12-18T08:59:56.909Z",
            "end_time": "1996-12-28T08:46:29.757Z"
        }
    },
    {
        "model": "Finance.project",
        "pk": 46,
        "fields": {
            "title": "Lempi",
            "department": 6,
            "estimated_end_time": "1993-11-03T06:44:19.946Z",
            "end_time": "1986-09-13T02:30:37.706Z"
        }
    },
    {
        "model": "Finance.project",
        "pk": 47,
        "fields": {
            "title": "Raven",
            "department": 9,
            "estimated_end_time": "2002-01-10T19:23:43.119Z",
            "end_time": "2015-08-13T16:14:36.704Z"
        }
    },
    {
        "model": "Finance.project",
        "pk": 48,
        "fields": {
            "title": "Vivian",
            "department": 3,
            "estimated_end_time": "1990-01-27T22:50:36.335Z",
            "end_time": "2008-11-09T23:37:36.341Z"
        }
    },
    {
        "model": "Finance.employeeprojectrelation",
        "pk": 1,
        "fields": {
            "project": 40,
            "employee": 121,
            "hours": 1,
            "role": "Information Systems Manager"
        }
    },
    {
        "model": "Finance.employeeprojectrelation",
        "pk": 16,
        "fields": {
            "project": 13,
            "employee": 132,
            "hours": 16,
            "role": "Account Executive"
        }
    },
    {
        "model": "Finance.employeeprojectrelation",
        "pk": 19,
        "fields": {
            "project": 21,
            "employee": 119,
            "hours": 19,
            "role": "VP Product Management"
        }
    },
    {
        "model": "Finance.employeeprojectrelation",
        "pk": 38,
        "fields": {
            "project": 48,
            "employee": 116,
            "hours": 38,
            "role": "Analyst Programmer"
        }
    },
    {
        "model": "Finance.employeeprojectrelation",
        "pk": 47,
        "fields": {
            "project": 31,
            "employee": 115,
            "hours": 47,
            "role": "Mechanical Systems Engineer"
        }
    },
    {
        "model": "Finance.employeeprojectrelation",
        "pk": 55,
        "fields": {
            "project": 38,
            "employee": 123,
            "hours": 55,
            "role": "Assistant Professor"
        }
    },
    {
        "model": "Finance.employeeprojectrelation",
        "pk": 95,
        "fields": {
            "project": 36,
            "employee": 115,
            "hours": 95,
            "role": "Product Engineer"
        }
    }
]